{"cameraMode":{"drawMode":2,"name":"Shaded Wireframe","section":"Shading Mode"},"sceneLighting":false,"audioPlay":false,"sceneViewState":{"m_AlwaysRefresh":false,"showFog":true,"showSkybox":false,"showFlares":true,"showImageEffects":true,"showParticleSystems":true,"showVisualEffectGraphs":true,"m_FxEnabled":true},"in2DMode":false,"pivot":{"x":0.6689790487289429,"y":0.2746352255344391,"z":0.5172149538993836},"rotation":{"x":0.006539394147694111,"y":-0.8953570127487183,"z":-0.013154635205864907,"w":-0.44515785574913027},"size":0.7273110151290894,"orthographic":false}