{"cameraMode":{"drawMode":2,"name":"Shaded Wireframe","section":"Shading Mode"},"sceneLighting":false,"audioPlay":false,"sceneViewState":{"m_AlwaysRefresh":false,"showFog":true,"showSkybox":false,"showFlares":true,"showImageEffects":true,"showParticleSystems":true,"showVisualEffectGraphs":true,"m_FxEnabled":true},"in2DMode":false,"pivot":{"x":0.25340306758880618,"y":0.19455492496490479,"z":0.467242956161499},"rotation":{"x":0.0014451188035309315,"y":-0.9985001683235169,"z":-0.04465337097644806,"w":-0.03235572949051857},"size":0.609894871711731,"orthographic":false}