{"cameraMode":{"drawMode":2,"name":"Shaded Wireframe","section":"Shading Mode"},"sceneLighting":true,"audioPlay":false,"sceneViewState":{"m_AlwaysRefresh":false,"showFog":true,"showSkybox":true,"showFlares":true,"showImageEffects":true,"showParticleSystems":true,"showVisualEffectGraphs":true,"m_FxEnabled":true},"in2DMode":false,"pivot":{"x":0.898479163646698,"y":1.3885908126831055,"z":1.0832781791687012},"rotation":{"x":0.033477067947387698,"y":-0.9516494870185852,"z":0.11215363442897797,"w":0.2840959131717682},"size":0.16577541828155518,"orthographic":false}