{"cameraMode":{"drawMode":2,"name":"Shaded Wireframe","section":"Shading Mode"},"sceneLighting":false,"audioPlay":false,"sceneViewState":{"m_AlwaysRefresh":false,"showFog":true,"showSkybox":false,"showFlares":true,"showImageEffects":true,"showParticleSystems":true,"showVisualEffectGraphs":true,"m_FxEnabled":true},"in2DMode":false,"pivot":{"x":0.018181998282670976,"y":2.231492042541504,"z":0.5450039505958557},"rotation":{"x":-0.45646607875823977,"y":-0.030149850994348527,"z":0.015492279082536698,"w":-0.8891055583953857},"size":0.09311595559120178,"orthographic":false}